<annotation>
	<folder>images</folder>
	<filename>0_u1eLg4QkCJr291uq.jpg</filename>
	<path>C:\Users\ravig\Downloads\images\0_u1eLg4QkCJr291uq.jpg</path>
	<source>
		<database>Unknown</database>
	</source>
	<size>
		<width>733</width>
		<height>489</height>
		<depth>3</depth>
	</size>
	<segmented>0</segmented>
	<object>
		<name>healthy_dog</name>
		<pose>Unspecified</pose>
		<truncated>0</truncated>
		<difficult>0</difficult>
		<bndbox>
			<xmin>271</xmin>
			<ymin>193</ymin>
			<xmax>606</xmax>
			<ymax>469</ymax>
		</bndbox>
	</object>
</annotation>
