<annotation>
	<folder>images</folder>
	<filename>0f495fda-db63-4f43-9b5d-59a7110aa7a9_750x422.jpg</filename>
	<path>C:\Users\ravig\Downloads\images\0f495fda-db63-4f43-9b5d-59a7110aa7a9_750x422.jpg</path>
	<source>
		<database>Unknown</database>
	</source>
	<size>
		<width>750</width>
		<height>422</height>
		<depth>3</depth>
	</size>
	<segmented>0</segmented>
	<object>
		<name>injured_dog</name>
		<pose>Unspecified</pose>
		<truncated>1</truncated>
		<difficult>0</difficult>
		<bndbox>
			<xmin>224</xmin>
			<ymin>10</ymin>
			<xmax>511</xmax>
			<ymax>422</ymax>
		</bndbox>
	</object>
</annotation>
