<annotation>
	<folder>images</folder>
	<filename>1000_F_316721471_8xPOd20OQW8QFFTFZcRDzobXR2dTb7qa.jpg</filename>
	<path>C:\Users\ravig\Downloads\images\1000_F_316721471_8xPOd20OQW8QFFTFZcRDzobXR2dTb7qa.jpg</path>
	<source>
		<database>Unknown</database>
	</source>
	<size>
		<width>1000</width>
		<height>797</height>
		<depth>3</depth>
	</size>
	<segmented>0</segmented>
	<object>
		<name>healthy_dog</name>
		<pose>Unspecified</pose>
		<truncated>0</truncated>
		<difficult>0</difficult>
		<bndbox>
			<xmin>81</xmin>
			<ymin>52</ymin>
			<xmax>955</xmax>
			<ymax>754</ymax>
		</bndbox>
	</object>
</annotation>
