<annotation>
	<folder>images</folder>
	<filename>2bh3mhj.jpg</filename>
	<path>C:\Users\ravig\Downloads\images\2bh3mhj.jpg</path>
	<source>
		<database>Unknown</database>
	</source>
	<size>
		<width>640</width>
		<height>481</height>
		<depth>3</depth>
	</size>
	<segmented>0</segmented>
	<object>
		<name>healthy_dog</name>
		<pose>Unspecified</pose>
		<truncated>1</truncated>
		<difficult>0</difficult>
		<bndbox>
			<xmin>46</xmin>
			<ymin>17</ymin>
			<xmax>640</xmax>
			<ymax>461</ymax>
		</bndbox>
	</object>
</annotation>
