<annotation>
	<folder>images</folder>
	<filename>2edc2b1c9f87d1756b12f06e018e0309.jpg</filename>
	<path>C:\Users\ravig\Downloads\images\2edc2b1c9f87d1756b12f06e018e0309.jpg</path>
	<source>
		<database>Unknown</database>
	</source>
	<size>
		<width>500</width>
		<height>282</height>
		<depth>3</depth>
	</size>
	<segmented>0</segmented>
	<object>
		<name>injured_dog</name>
		<pose>Unspecified</pose>
		<truncated>1</truncated>
		<difficult>0</difficult>
		<bndbox>
			<xmin>122</xmin>
			<ymin>1</ymin>
			<xmax>500</xmax>
			<ymax>282</ymax>
		</bndbox>
	</object>
</annotation>
