<annotation>
	<folder>images</folder>
	<filename>3F244A0100000578-0-image-a-10_1491855008448.jpg</filename>
	<path>C:\Users\ravig\Downloads\images\3F244A0100000578-0-image-a-10_1491855008448.jpg</path>
	<source>
		<database>Unknown</database>
	</source>
	<size>
		<width>636</width>
		<height>358</height>
		<depth>3</depth>
	</size>
	<segmented>0</segmented>
	<object>
		<name>injured_dog</name>
		<pose>Unspecified</pose>
		<truncated>0</truncated>
		<difficult>0</difficult>
		<bndbox>
			<xmin>182</xmin>
			<ymin>66</ymin>
			<xmax>395</xmax>
			<ymax>340</ymax>
		</bndbox>
	</object>
</annotation>
