<annotation>
	<folder>images</folder>
	<filename>411422047_756482633188203_5359841437604333958_n_Large.jpg</filename>
	<path>C:\Users\ravig\Downloads\images\411422047_756482633188203_5359841437604333958_n_Large.jpg</path>
	<source>
		<database>Unknown</database>
	</source>
	<size>
		<width>1024</width>
		<height>859</height>
		<depth>3</depth>
	</size>
	<segmented>0</segmented>
	<object>
		<name>injured_dog</name>
		<pose>Unspecified</pose>
		<truncated>1</truncated>
		<difficult>0</difficult>
		<bndbox>
			<xmin>4</xmin>
			<ymin>41</ymin>
			<xmax>852</xmax>
			<ymax>859</ymax>
		</bndbox>
	</object>
</annotation>
