<annotation>
	<folder>images</folder>
	<filename>50ef6097dfdce.image.jpg</filename>
	<path>C:\Users\ravig\Downloads\images\50ef6097dfdce.image.jpg</path>
	<source>
		<database>Unknown</database>
	</source>
	<size>
		<width>375</width>
		<height>500</height>
		<depth>3</depth>
	</size>
	<segmented>0</segmented>
	<object>
		<name>injured_dog</name>
		<pose>Unspecified</pose>
		<truncated>1</truncated>
		<difficult>0</difficult>
		<bndbox>
			<xmin>2</xmin>
			<ymin>1</ymin>
			<xmax>375</xmax>
			<ymax>498</ymax>
		</bndbox>
	</object>
</annotation>
