<annotation>
	<folder>images</folder>
	<filename>5f9334dbe9781.jpg</filename>
	<path>C:\Users\ravig\Downloads\images\5f9334dbe9781.jpg</path>
	<source>
		<database>Unknown</database>
	</source>
	<size>
		<width>600</width>
		<height>800</height>
		<depth>3</depth>
	</size>
	<segmented>0</segmented>
	<object>
		<name>injured_dog</name>
		<pose>Unspecified</pose>
		<truncated>1</truncated>
		<difficult>0</difficult>
		<bndbox>
			<xmin>2</xmin>
			<ymin>14</ymin>
			<xmax>600</xmax>
			<ymax>736</ymax>
		</bndbox>
	</object>
</annotation>
