<annotation>
	<folder>images</folder>
	<filename>636238172614575206-doggo2.jpg</filename>
	<path>C:\Users\ravig\Downloads\images\636238172614575206-doggo2.jpg</path>
	<source>
		<database>Unknown</database>
	</source>
	<size>
		<width>599</width>
		<height>339</height>
		<depth>3</depth>
	</size>
	<segmented>0</segmented>
	<object>
		<name>injured_dog</name>
		<pose>Unspecified</pose>
		<truncated>1</truncated>
		<difficult>0</difficult>
		<bndbox>
			<xmin>5</xmin>
			<ymin>12</ymin>
			<xmax>599</xmax>
			<ymax>339</ymax>
		</bndbox>
	</object>
</annotation>
