<annotation>
	<folder>images</folder>
	<filename>7bf7c67f33762160aa551cba4931deff.jpg</filename>
	<path>C:\Users\ravig\Downloads\images\7bf7c67f33762160aa551cba4931deff.jpg</path>
	<source>
		<database>Unknown</database>
	</source>
	<size>
		<width>236</width>
		<height>359</height>
		<depth>3</depth>
	</size>
	<segmented>0</segmented>
	<object>
		<name>healthy_dog</name>
		<pose>Unspecified</pose>
		<truncated>1</truncated>
		<difficult>0</difficult>
		<bndbox>
			<xmin>21</xmin>
			<ymin>1</ymin>
			<xmax>186</xmax>
			<ymax>348</ymax>
		</bndbox>
	</object>
</annotation>
