<annotation>
	<folder>images</folder>
	<filename>800px_COLOURBOX13321464.jpg</filename>
	<path>C:\Users\ravig\Downloads\images\800px_COLOURBOX13321464.jpg</path>
	<source>
		<database>Unknown</database>
	</source>
	<size>
		<width>800</width>
		<height>581</height>
		<depth>3</depth>
	</size>
	<segmented>0</segmented>
	<object>
		<name>healthy_dog</name>
		<pose>Unspecified</pose>
		<truncated>0</truncated>
		<difficult>0</difficult>
		<bndbox>
			<xmin>81</xmin>
			<ymin>64</ymin>
			<xmax>574</xmax>
			<ymax>535</ymax>
		</bndbox>
	</object>
</annotation>
