<annotation>
	<folder>images</folder>
	<filename>_108860443_patterdaleterrior.jpg</filename>
	<path>C:\Users\ravig\Downloads\images\_108860443_patterdaleterrior.jpg</path>
	<source>
		<database>Unknown</database>
	</source>
	<size>
		<width>976</width>
		<height>549</height>
		<depth>3</depth>
	</size>
	<segmented>0</segmented>
	<object>
		<name>injured_dog</name>
		<pose>Unspecified</pose>
		<truncated>1</truncated>
		<difficult>0</difficult>
		<bndbox>
			<xmin>180</xmin>
			<ymin>26</ymin>
			<xmax>888</xmax>
			<ymax>549</ymax>
		</bndbox>
	</object>
</annotation>
