<annotation>
	<folder>images</folder>
	<filename>_126795441_gettyimages-979935038-170667a.jpg</filename>
	<path>C:\Users\ravig\Downloads\images\_126795441_gettyimages-979935038-170667a.jpg</path>
	<source>
		<database>Unknown</database>
	</source>
	<size>
		<width>976</width>
		<height>549</height>
		<depth>3</depth>
	</size>
	<segmented>0</segmented>
	<object>
		<name>healthy_dog</name>
		<pose>Unspecified</pose>
		<truncated>1</truncated>
		<difficult>0</difficult>
		<bndbox>
			<xmin>147</xmin>
			<ymin>12</ymin>
			<xmax>802</xmax>
			<ymax>549</ymax>
		</bndbox>
	</object>
</annotation>
