<annotation>
	<folder>images</folder>
	<filename>_7605d3b4-caff-11e9-9a71-0afbe126130e.jpg</filename>
	<path>C:\Users\ravig\Downloads\images\_7605d3b4-caff-11e9-9a71-0afbe126130e.jpg</path>
	<source>
		<database>Unknown</database>
	</source>
	<size>
		<width>630</width>
		<height>354</height>
		<depth>3</depth>
	</size>
	<segmented>0</segmented>
	<object>
		<name>injured_dog</name>
		<pose>Unspecified</pose>
		<truncated>0</truncated>
		<difficult>0</difficult>
		<bndbox>
			<xmin>145</xmin>
			<ymin>89</ymin>
			<xmax>550</xmax>
			<ymax>353</ymax>
		</bndbox>
	</object>
</annotation>
