<annotation>
	<folder>images</folder>
	<filename>bf3d77c5-717f-4ca7-a5fd-a4c31d281d19_1140x641.jpg</filename>
	<path>C:\Users\ravig\Downloads\images\bf3d77c5-717f-4ca7-a5fd-a4c31d281d19_1140x641.jpg</path>
	<source>
		<database>Unknown</database>
	</source>
	<size>
		<width>1140</width>
		<height>641</height>
		<depth>3</depth>
	</size>
	<segmented>0</segmented>
	<object>
		<name>injured_dog</name>
		<pose>Unspecified</pose>
		<truncated>0</truncated>
		<difficult>0</difficult>
		<bndbox>
			<xmin>173</xmin>
			<ymin>14</ymin>
			<xmax>951</xmax>
			<ymax>554</ymax>
		</bndbox>
	</object>
</annotation>
