<annotation>
	<folder>images</folder>
	<filename>carolinadog-38c9e4737e4b41a192bccf6750543984.jpg</filename>
	<path>C:\Users\ravig\Downloads\images\carolinadog-38c9e4737e4b41a192bccf6750543984.jpg</path>
	<source>
		<database>Unknown</database>
	</source>
	<size>
		<width>1500</width>
		<height>938</height>
		<depth>3</depth>
	</size>
	<segmented>0</segmented>
	<object>
		<name>healthy_dog</name>
		<pose>Unspecified</pose>
		<truncated>0</truncated>
		<difficult>0</difficult>
		<bndbox>
			<xmin>303</xmin>
			<ymin>39</ymin>
			<xmax>1428</xmax>
			<ymax>862</ymax>
		</bndbox>
	</object>
</annotation>
