<annotation>
	<folder>images</folder>
	<filename>d02ff347c0358782ccf47a24f78d3475.jpg</filename>
	<path>C:\Users\ravig\Downloads\images\d02ff347c0358782ccf47a24f78d3475.jpg</path>
	<source>
		<database>Unknown</database>
	</source>
	<size>
		<width>735</width>
		<height>602</height>
		<depth>3</depth>
	</size>
	<segmented>0</segmented>
	<object>
		<name>healthy_dog</name>
		<pose>Unspecified</pose>
		<truncated>0</truncated>
		<difficult>0</difficult>
		<bndbox>
			<xmin>322</xmin>
			<ymin>57</ymin>
			<xmax>632</xmax>
			<ymax>550</ymax>
		</bndbox>
	</object>
</annotation>
