<annotation>
	<folder>images</folder>
	<filename>d22b4144fa1efd17f2435e5b51cfce02.jpg</filename>
	<path>C:\Users\ravig\Downloads\images\d22b4144fa1efd17f2435e5b51cfce02.jpg</path>
	<source>
		<database>Unknown</database>
	</source>
	<size>
		<width>736</width>
		<height>414</height>
		<depth>3</depth>
	</size>
	<segmented>0</segmented>
	<object>
		<name>healthy_dog</name>
		<pose>Unspecified</pose>
		<truncated>0</truncated>
		<difficult>0</difficult>
		<bndbox>
			<xmin>263</xmin>
			<ymin>17</ymin>
			<xmax>527</xmax>
			<ymax>368</ymax>
		</bndbox>
	</object>
</annotation>
