<annotation>
	<folder>images</folder>
	<filename>d5315e_152f643091b4444885bcda9a98459e61~mv2_d_2508_1881_s_2.jpg</filename>
	<path>C:\Users\ravig\Downloads\images\d5315e_152f643091b4444885bcda9a98459e61~mv2_d_2508_1881_s_2.jpg</path>
	<source>
		<database>Unknown</database>
	</source>
	<size>
		<width>1132</width>
		<height>850</height>
		<depth>3</depth>
	</size>
	<segmented>0</segmented>
	<object>
		<name>injured_dog</name>
		<pose>Unspecified</pose>
		<truncated>0</truncated>
		<difficult>0</difficult>
		<bndbox>
			<xmin>331</xmin>
			<ymin>34</ymin>
			<xmax>1009</xmax>
			<ymax>816</ymax>
		</bndbox>
	</object>
</annotation>
