<annotation>
	<folder>images</folder>
	<filename>dog-breed-the-indian-pariah-648411.jpg</filename>
	<path>C:\Users\ravig\Downloads\images\dog-breed-the-indian-pariah-648411.jpg</path>
	<source>
		<database>Unknown</database>
	</source>
	<size>
		<width>432</width>
		<height>648</height>
		<depth>3</depth>
	</size>
	<segmented>0</segmented>
	<object>
		<name>healthy_dog</name>
		<pose>Unspecified</pose>
		<truncated>0</truncated>
		<difficult>0</difficult>
		<bndbox>
			<xmin>85</xmin>
			<ymin>19</ymin>
			<xmax>358</xmax>
			<ymax>622</ymax>
		</bndbox>
	</object>
</annotation>
