<annotation>
	<folder>images</folder>
	<filename>download (1).jpg</filename>
	<path>C:\Users\ravig\Downloads\images\download (1).jpg</path>
	<source>
		<database>Unknown</database>
	</source>
	<size>
		<width>275</width>
		<height>183</height>
		<depth>3</depth>
	</size>
	<segmented>0</segmented>
	<object>
		<name>healthy_dog</name>
		<pose>Unspecified</pose>
		<truncated>0</truncated>
		<difficult>0</difficult>
		<bndbox>
			<xmin>53</xmin>
			<ymin>12</ymin>
			<xmax>254</xmax>
			<ymax>178</ymax>
		</bndbox>
	</object>
</annotation>
