<annotation>
	<folder>images</folder>
	<filename>download (4).jpg</filename>
	<path>C:\Users\ravig\Downloads\images\download (4).jpg</path>
	<source>
		<database>Unknown</database>
	</source>
	<size>
		<width>259</width>
		<height>194</height>
		<depth>3</depth>
	</size>
	<segmented>0</segmented>
	<object>
		<name>injured_dog</name>
		<pose>Unspecified</pose>
		<truncated>0</truncated>
		<difficult>0</difficult>
		<bndbox>
			<xmin>19</xmin>
			<ymin>2</ymin>
			<xmax>225</xmax>
			<ymax>167</ymax>
		</bndbox>
	</object>
</annotation>
