<annotation>
	<folder>images</folder>
	<filename>download (5).jpg</filename>
	<path>C:\Users\ravig\Downloads\images\download (5).jpg</path>
	<source>
		<database>Unknown</database>
	</source>
	<size>
		<width>259</width>
		<height>194</height>
		<depth>3</depth>
	</size>
	<segmented>0</segmented>
	<object>
		<name>injured_dog</name>
		<pose>Unspecified</pose>
		<truncated>1</truncated>
		<difficult>0</difficult>
		<bndbox>
			<xmin>114</xmin>
			<ymin>41</ymin>
			<xmax>258</xmax>
			<ymax>194</ymax>
		</bndbox>
	</object>
</annotation>
