<annotation>
	<folder>images</folder>
	<filename>download.jpg</filename>
	<path>C:\Users\ravig\Downloads\images\download.jpg</path>
	<source>
		<database>Unknown</database>
	</source>
	<size>
		<width>259</width>
		<height>194</height>
		<depth>3</depth>
	</size>
	<segmented>0</segmented>
	<object>
		<name>healthy_dog</name>
		<pose>Unspecified</pose>
		<truncated>0</truncated>
		<difficult>0</difficult>
		<bndbox>
			<xmin>16</xmin>
			<ymin>62</ymin>
			<xmax>81</xmax>
			<ymax>173</ymax>
		</bndbox>
	</object>
	<object>
		<name>healthy_dog</name>
		<pose>Unspecified</pose>
		<truncated>0</truncated>
		<difficult>0</difficult>
		<bndbox>
			<xmin>84</xmin>
			<ymin>33</ymin>
			<xmax>156</xmax>
			<ymax>171</ymax>
		</bndbox>
	</object>
	<object>
		<name>healthy_dog</name>
		<pose>Unspecified</pose>
		<truncated>0</truncated>
		<difficult>0</difficult>
		<bndbox>
			<xmin>167</xmin>
			<ymin>56</ymin>
			<xmax>247</xmax>
			<ymax>173</ymax>
		</bndbox>
	</object>
</annotation>
