<annotation>
	<folder>images</folder>
	<filename>download (3).jpg</filename>
	<path>C:\Users\ravig\Downloads\images\download (3).jpg</path>
	<source>
		<database>Unknown</database>
	</source>
	<size>
		<width>180</width>
		<height>280</height>
		<depth>3</depth>
	</size>
	<segmented>0</segmented>
	<object>
		<name>injured_dog</name>
		<pose>Unspecified</pose>
		<truncated>0</truncated>
		<difficult>0</difficult>
		<bndbox>
			<xmin>20</xmin>
			<ymin>39</ymin>
			<xmax>164</xmax>
			<ymax>267</ymax>
		</bndbox>
	</object>
</annotation>
