<annotation>
	<folder>images</folder>
	<filename>f064d9fe324453b546148b656669dfac.jpg</filename>
	<path>C:\Users\ravig\Downloads\images\f064d9fe324453b546148b656669dfac.jpg</path>
	<source>
		<database>Unknown</database>
	</source>
	<size>
		<width>236</width>
		<height>419</height>
		<depth>3</depth>
	</size>
	<segmented>0</segmented>
	<object>
		<name>healthy_dog</name>
		<pose>Unspecified</pose>
		<truncated>1</truncated>
		<difficult>0</difficult>
		<bndbox>
			<xmin>61</xmin>
			<ymin>88</ymin>
			<xmax>236</xmax>
			<ymax>324</ymax>
		</bndbox>
	</object>
</annotation>
