<annotation>
	<folder>images</folder>
	<filename>fc055f6e40faed757050d459b66e88b0.jpg</filename>
	<path>C:\Users\ravig\Downloads\images\fc055f6e40faed757050d459b66e88b0.jpg</path>
	<source>
		<database>Unknown</database>
	</source>
	<size>
		<width>235</width>
		<height>345</height>
		<depth>3</depth>
	</size>
	<segmented>0</segmented>
	<object>
		<name>healthy_dog</name>
		<pose>Unspecified</pose>
		<truncated>0</truncated>
		<difficult>0</difficult>
		<bndbox>
			<xmin>32</xmin>
			<ymin>18</ymin>
			<xmax>221</xmax>
			<ymax>315</ymax>
		</bndbox>
	</object>
</annotation>
