<annotation>
	<folder>images</folder>
	<filename>Fresh-wounds-on-the-dogs-body.jpg</filename>
	<path>C:\Users\ravig\Downloads\images\Fresh-wounds-on-the-dogs-body.jpg</path>
	<source>
		<database>Unknown</database>
	</source>
	<size>
		<width>1000</width>
		<height>667</height>
		<depth>3</depth>
	</size>
	<segmented>0</segmented>
	<object>
		<name>injured_dog</name>
		<pose>Unspecified</pose>
		<truncated>1</truncated>
		<difficult>0</difficult>
		<bndbox>
			<xmin>57</xmin>
			<ymin>1</ymin>
			<xmax>1000</xmax>
			<ymax>667</ymax>
		</bndbox>
	</object>
</annotation>
