<annotation>
	<folder>images</folder>
	<filename>help-needed-for-an-injured-street-dog-v0-xensz2ov3uza1.jpg</filename>
	<path>C:\Users\ravig\Downloads\images\help-needed-for-an-injured-street-dog-v0-xensz2ov3uza1.jpg</path>
	<source>
		<database>Unknown</database>
	</source>
	<size>
		<width>1080</width>
		<height>1920</height>
		<depth>3</depth>
	</size>
	<segmented>0</segmented>
	<object>
		<name>injured_dog</name>
		<pose>Unspecified</pose>
		<truncated>1</truncated>
		<difficult>0</difficult>
		<bndbox>
			<xmin>3</xmin>
			<ymin>1</ymin>
			<xmax>1080</xmax>
			<ymax>1920</ymax>
		</bndbox>
	</object>
</annotation>
