<annotation>
	<folder>images</folder>
	<filename>hours-to-live.jpg</filename>
	<path>C:\Users\ravig\Downloads\images\hours-to-live.jpg</path>
	<source>
		<database>Unknown</database>
	</source>
	<size>
		<width>695</width>
		<height>960</height>
		<depth>3</depth>
	</size>
	<segmented>0</segmented>
	<object>
		<name>injured_dog</name>
		<pose>Unspecified</pose>
		<truncated>1</truncated>
		<difficult>0</difficult>
		<bndbox>
			<xmin>52</xmin>
			<ymin>16</ymin>
			<xmax>613</xmax>
			<ymax>960</ymax>
		</bndbox>
	</object>
</annotation>
