<annotation>
	<folder>images</folder>
	<filename>hq720.jpg</filename>
	<path>C:\Users\ravig\Downloads\images\hq720.jpg</path>
	<source>
		<database>Unknown</database>
	</source>
	<size>
		<width>686</width>
		<height>386</height>
		<depth>3</depth>
	</size>
	<segmented>0</segmented>
	<object>
		<name>injured_dog</name>
		<pose>Unspecified</pose>
		<truncated>1</truncated>
		<difficult>0</difficult>
		<bndbox>
			<xmin>1</xmin>
			<ymin>23</ymin>
			<xmax>470</xmax>
			<ymax>317</ymax>
		</bndbox>
	</object>
</annotation>
