<annotation>
	<folder>images</folder>
	<filename>hqdefault (2).jpg</filename>
	<path>C:\Users\ravig\Downloads\images\hqdefault (2).jpg</path>
	<source>
		<database>Unknown</database>
	</source>
	<size>
		<width>480</width>
		<height>360</height>
		<depth>3</depth>
	</size>
	<segmented>0</segmented>
	<object>
		<name>injured_dog</name>
		<pose>Unspecified</pose>
		<truncated>0</truncated>
		<difficult>0</difficult>
		<bndbox>
			<xmin>145</xmin>
			<ymin>57</ymin>
			<xmax>467</xmax>
			<ymax>315</ymax>
		</bndbox>
	</object>
</annotation>
