<annotation>
	<folder>images</folder>
	<filename>hqdefault (4).jpg</filename>
	<path>C:\Users\ravig\Downloads\images\hqdefault (4).jpg</path>
	<source>
		<database>Unknown</database>
	</source>
	<size>
		<width>480</width>
		<height>360</height>
		<depth>3</depth>
	</size>
	<segmented>0</segmented>
	<object>
		<name>injured_dog</name>
		<pose>Unspecified</pose>
		<truncated>0</truncated>
		<difficult>0</difficult>
		<bndbox>
			<xmin>65</xmin>
			<ymin>88</ymin>
			<xmax>445</xmax>
			<ymax>313</ymax>
		</bndbox>
	</object>
</annotation>
