<annotation>
	<folder>images</folder>
	<filename>idaindiahappysinghdogextra121919.jpg</filename>
	<path>C:\Users\ravig\Downloads\images\idaindiahappysinghdogextra121919.jpg</path>
	<source>
		<database>Unknown</database>
	</source>
	<size>
		<width>1280</width>
		<height>850</height>
		<depth>3</depth>
	</size>
	<segmented>0</segmented>
	<object>
		<name>injured_dog</name>
		<pose>Unspecified</pose>
		<truncated>0</truncated>
		<difficult>0</difficult>
		<bndbox>
			<xmin>5</xmin>
			<ymin>3</ymin>
			<xmax>467</xmax>
			<ymax>713</ymax>
		</bndbox>
	</object>
	<object>
		<name>healthy_dog</name>
		<pose>Unspecified</pose>
		<truncated>0</truncated>
		<difficult>0</difficult>
		<bndbox>
			<xmin>702</xmin>
			<ymin>4</ymin>
			<xmax>1192</xmax>
			<ymax>755</ymax>
		</bndbox>
	</object>
</annotation>
