<annotation>
	<folder>images</folder>
	<filename>images (12).jpg</filename>
	<path>C:\Users\ravig\Downloads\images\images (12).jpg</path>
	<source>
		<database>Unknown</database>
	</source>
	<size>
		<width>194</width>
		<height>260</height>
		<depth>3</depth>
	</size>
	<segmented>0</segmented>
	<object>
		<name>healthy_dog</name>
		<pose>Unspecified</pose>
		<truncated>0</truncated>
		<difficult>0</difficult>
		<bndbox>
			<xmin>9</xmin>
			<ymin>10</ymin>
			<xmax>187</xmax>
			<ymax>248</ymax>
		</bndbox>
	</object>
</annotation>
