<annotation>
	<folder>images</folder>
	<filename>images (18).jpg</filename>
	<path>C:\Users\ravig\Downloads\images\images (18).jpg</path>
	<source>
		<database>Unknown</database>
	</source>
	<size>
		<width>310</width>
		<height>163</height>
		<depth>3</depth>
	</size>
	<segmented>0</segmented>
	<object>
		<name>injured_dog</name>
		<pose>Unspecified</pose>
		<truncated>1</truncated>
		<difficult>0</difficult>
		<bndbox>
			<xmin>3</xmin>
			<ymin>1</ymin>
			<xmax>137</xmax>
			<ymax>163</ymax>
		</bndbox>
	</object>
	<object>
		<name>injured_dog</name>
		<pose>Unspecified</pose>
		<truncated>1</truncated>
		<difficult>0</difficult>
		<bndbox>
			<xmin>175</xmin>
			<ymin>4</ymin>
			<xmax>278</xmax>
			<ymax>163</ymax>
		</bndbox>
	</object>
</annotation>
