<annotation>
	<folder>images</folder>
	<filename>images (29).jpg</filename>
	<path>C:\Users\ravig\Downloads\images\images (29).jpg</path>
	<source>
		<database>Unknown</database>
	</source>
	<size>
		<width>168</width>
		<height>299</height>
		<depth>3</depth>
	</size>
	<segmented>0</segmented>
	<object>
		<name>injured_dog</name>
		<pose>Unspecified</pose>
		<truncated>1</truncated>
		<difficult>0</difficult>
		<bndbox>
			<xmin>6</xmin>
			<ymin>43</ymin>
			<xmax>168</xmax>
			<ymax>216</ymax>
		</bndbox>
	</object>
</annotation>
