<annotation>
	<folder>images</folder>
	<filename>images (8).jpg</filename>
	<path>C:\Users\ravig\Downloads\images\images (8).jpg</path>
	<source>
		<database>Unknown</database>
	</source>
	<size>
		<width>297</width>
		<height>170</height>
		<depth>3</depth>
	</size>
	<segmented>0</segmented>
	<object>
		<name>healthy_dog</name>
		<pose>Unspecified</pose>
		<truncated>0</truncated>
		<difficult>0</difficult>
		<bndbox>
			<xmin>4</xmin>
			<ymin>6</ymin>
			<xmax>294</xmax>
			<ymax>169</ymax>
		</bndbox>
	</object>
</annotation>
