<annotation>
	<folder>images</folder>
	<filename>images (14).jpg</filename>
	<path>C:\Users\ravig\Downloads\images\images (14).jpg</path>
	<source>
		<database>Unknown</database>
	</source>
	<size>
		<width>335</width>
		<height>150</height>
		<depth>3</depth>
	</size>
	<segmented>0</segmented>
	<object>
		<name>injured_dog</name>
		<pose>Unspecified</pose>
		<truncated>1</truncated>
		<difficult>0</difficult>
		<bndbox>
			<xmin>64</xmin>
			<ymin>2</ymin>
			<xmax>264</xmax>
			<ymax>150</ymax>
		</bndbox>
	</object>
</annotation>
