<annotation>
	<folder>images</folder>
	<filename>images (9).jpg</filename>
	<path>C:\Users\ravig\Downloads\images\images (9).jpg</path>
	<source>
		<database>Unknown</database>
	</source>
	<size>
		<width>274</width>
		<height>184</height>
		<depth>3</depth>
	</size>
	<segmented>0</segmented>
	<object>
		<name>healthy_dog</name>
		<pose>Unspecified</pose>
		<truncated>0</truncated>
		<difficult>0</difficult>
		<bndbox>
			<xmin>63</xmin>
			<ymin>22</ymin>
			<xmax>249</xmax>
			<ymax>160</ymax>
		</bndbox>
	</object>
</annotation>
