<annotation>
	<folder>images</folder>
	<filename>images (26).jpg</filename>
	<path>C:\Users\ravig\Downloads\images\images (26).jpg</path>
	<source>
		<database>Unknown</database>
	</source>
	<size>
		<width>275</width>
		<height>183</height>
		<depth>3</depth>
	</size>
	<segmented>0</segmented>
	<object>
		<name>injured_dog</name>
		<pose>Unspecified</pose>
		<truncated>1</truncated>
		<difficult>0</difficult>
		<bndbox>
			<xmin>126</xmin>
			<ymin>11</ymin>
			<xmax>275</xmax>
			<ymax>183</ymax>
		</bndbox>
	</object>
</annotation>
