<annotation>
	<folder>images</folder>
	<filename>images (16).jpg</filename>
	<path>C:\Users\ravig\Downloads\images\images (16).jpg</path>
	<source>
		<database>Unknown</database>
	</source>
	<size>
		<width>252</width>
		<height>200</height>
		<depth>3</depth>
	</size>
	<segmented>0</segmented>
	<object>
		<name>injured_dog</name>
		<pose>Unspecified</pose>
		<truncated>0</truncated>
		<difficult>0</difficult>
		<bndbox>
			<xmin>22</xmin>
			<ymin>13</ymin>
			<xmax>198</xmax>
			<ymax>185</ymax>
		</bndbox>
	</object>
</annotation>
