<annotation>
	<folder>images</folder>
	<filename>images (17).jpg</filename>
	<path>C:\Users\ravig\Downloads\images\images (17).jpg</path>
	<source>
		<database>Unknown</database>
	</source>
	<size>
		<width>255</width>
		<height>198</height>
		<depth>3</depth>
	</size>
	<segmented>0</segmented>
	<object>
		<name>injured_dog</name>
		<pose>Unspecified</pose>
		<truncated>1</truncated>
		<difficult>0</difficult>
		<bndbox>
			<xmin>23</xmin>
			<ymin>40</ymin>
			<xmax>169</xmax>
			<ymax>198</ymax>
		</bndbox>
	</object>
</annotation>
