<annotation>
	<folder>images</folder>
	<filename>images (31).jpg</filename>
	<path>C:\Users\ravig\Downloads\images\images (31).jpg</path>
	<source>
		<database>Unknown</database>
	</source>
	<size>
		<width>183</width>
		<height>275</height>
		<depth>3</depth>
	</size>
	<segmented>0</segmented>
	<object>
		<name>healthy_dog</name>
		<pose>Unspecified</pose>
		<truncated>1</truncated>
		<difficult>0</difficult>
		<bndbox>
			<xmin>43</xmin>
			<ymin>132</ymin>
			<xmax>183</xmax>
			<ymax>261</ymax>
		</bndbox>
	</object>
</annotation>
