<annotation>
	<folder>images</folder>
	<filename>images (30).jpg</filename>
	<path>C:\Users\ravig\Downloads\images\images (30).jpg</path>
	<source>
		<database>Unknown</database>
	</source>
	<size>
		<width>299</width>
		<height>168</height>
		<depth>3</depth>
	</size>
	<segmented>0</segmented>
	<object>
		<name>injured_dog</name>
		<pose>Unspecified</pose>
		<truncated>1</truncated>
		<difficult>0</difficult>
		<bndbox>
			<xmin>53</xmin>
			<ymin>1</ymin>
			<xmax>248</xmax>
			<ymax>168</ymax>
		</bndbox>
	</object>
</annotation>
