<annotation>
	<folder>images</folder>
	<filename>images (7).jpg</filename>
	<path>C:\Users\ravig\Downloads\images\images (7).jpg</path>
	<source>
		<database>Unknown</database>
	</source>
	<size>
		<width>267</width>
		<height>188</height>
		<depth>3</depth>
	</size>
	<segmented>0</segmented>
	<object>
		<name>healthy_dog</name>
		<pose>Unspecified</pose>
		<truncated>0</truncated>
		<difficult>0</difficult>
		<bndbox>
			<xmin>49</xmin>
			<ymin>43</ymin>
			<xmax>131</xmax>
			<ymax>166</ymax>
		</bndbox>
	</object>
</annotation>
