<annotation>
	<folder>images</folder>
	<filename>images (5).jpg</filename>
	<path>C:\Users\ravig\Downloads\images\images (5).jpg</path>
	<source>
		<database>Unknown</database>
	</source>
	<size>
		<width>301</width>
		<height>167</height>
		<depth>3</depth>
	</size>
	<segmented>0</segmented>
	<object>
		<name>healthy_dog</name>
		<pose>Unspecified</pose>
		<truncated>0</truncated>
		<difficult>0</difficult>
		<bndbox>
			<xmin>38</xmin>
			<ymin>31</ymin>
			<xmax>235</xmax>
			<ymax>144</ymax>
		</bndbox>
	</object>
</annotation>
