<annotation>
	<folder>images</folder>
	<filename>images (4).jpg</filename>
	<path>C:\Users\ravig\Downloads\images\images (4).jpg</path>
	<source>
		<database>Unknown</database>
	</source>
	<size>
		<width>225</width>
		<height>225</height>
		<depth>3</depth>
	</size>
	<segmented>0</segmented>
	<object>
		<name>healthy_dog</name>
		<pose>Unspecified</pose>
		<truncated>0</truncated>
		<difficult>0</difficult>
		<bndbox>
			<xmin>17</xmin>
			<ymin>19</ymin>
			<xmax>188</xmax>
			<ymax>183</ymax>
		</bndbox>
	</object>
</annotation>
