<annotation>
	<folder>images</folder>
	<filename>images (6).jpg</filename>
	<path>C:\Users\ravig\Downloads\images\images (6).jpg</path>
	<source>
		<database>Unknown</database>
	</source>
	<size>
		<width>225</width>
		<height>225</height>
		<depth>3</depth>
	</size>
	<segmented>0</segmented>
	<object>
		<name>healthy_dog</name>
		<pose>Unspecified</pose>
		<truncated>1</truncated>
		<difficult>0</difficult>
		<bndbox>
			<xmin>52</xmin>
			<ymin>42</ymin>
			<xmax>225</xmax>
			<ymax>210</ymax>
		</bndbox>
	</object>
</annotation>
