<annotation>
	<folder>images</folder>
	<filename>IMG_1235.max-2048x1024.jpg</filename>
	<path>C:\Users\ravig\Downloads\images\IMG_1235.max-2048x1024.jpg</path>
	<source>
		<database>Unknown</database>
	</source>
	<size>
		<width>1536</width>
		<height>1024</height>
		<depth>3</depth>
	</size>
	<segmented>0</segmented>
	<object>
		<name>healthy_dog</name>
		<pose>Unspecified</pose>
		<truncated>0</truncated>
		<difficult>0</difficult>
		<bndbox>
			<xmin>343</xmin>
			<ymin>227</ymin>
			<xmax>1285</xmax>
			<ymax>894</ymax>
		</bndbox>
	</object>
</annotation>
