<annotation>
	<folder>images</folder>
	<filename>in-praise-of-the-indian-pariah-dog.jpg</filename>
	<path>C:\Users\ravig\Downloads\images\in-praise-of-the-indian-pariah-dog.jpg</path>
	<source>
		<database>Unknown</database>
	</source>
	<size>
		<width>900</width>
		<height>1200</height>
		<depth>3</depth>
	</size>
	<segmented>0</segmented>
	<object>
		<name>healthy_dog</name>
		<pose>Unspecified</pose>
		<truncated>1</truncated>
		<difficult>0</difficult>
		<bndbox>
			<xmin>1</xmin>
			<ymin>42</ymin>
			<xmax>896</xmax>
			<ymax>1192</ymax>
		</bndbox>
	</object>
</annotation>
