<annotation>
	<folder>images</folder>
	<filename>indian-pariah-dog-sitting.jpg</filename>
	<path>C:\Users\ravig\Downloads\images\indian-pariah-dog-sitting.jpg</path>
	<source>
		<database>Unknown</database>
	</source>
	<size>
		<width>250</width>
		<height>201</height>
		<depth>3</depth>
	</size>
	<segmented>0</segmented>
	<object>
		<name>healthy_dog</name>
		<pose>Unspecified</pose>
		<truncated>0</truncated>
		<difficult>0</difficult>
		<bndbox>
			<xmin>43</xmin>
			<ymin>8</ymin>
			<xmax>239</xmax>
			<ymax>195</ymax>
		</bndbox>
	</object>
</annotation>
