<annotation>
	<folder>images</folder>
	<filename>Indian-Pariah-.jpg</filename>
	<path>C:\Users\ravig\Downloads\images\Indian-Pariah-.jpg</path>
	<source>
		<database>Unknown</database>
	</source>
	<size>
		<width>900</width>
		<height>600</height>
		<depth>3</depth>
	</size>
	<segmented>0</segmented>
	<object>
		<name>healthy_dog</name>
		<pose>Unspecified</pose>
		<truncated>0</truncated>
		<difficult>0</difficult>
		<bndbox>
			<xmin>360</xmin>
			<ymin>163</ymin>
			<xmax>552</xmax>
			<ymax>566</ymax>
		</bndbox>
	</object>
</annotation>
