<annotation>
	<folder>images</folder>
	<filename>Indian_Street_Dog1.jpg</filename>
	<path>C:\Users\ravig\Downloads\images\Indian_Street_Dog1.jpg</path>
	<source>
		<database>Unknown</database>
	</source>
	<size>
		<width>800</width>
		<height>800</height>
		<depth>3</depth>
	</size>
	<segmented>0</segmented>
	<object>
		<name>healthy_dog</name>
		<pose>Unspecified</pose>
		<truncated>0</truncated>
		<difficult>0</difficult>
		<bndbox>
			<xmin>2</xmin>
			<ymin>162</ymin>
			<xmax>775</xmax>
			<ymax>675</ymax>
		</bndbox>
	</object>
</annotation>
