<annotation>
	<folder>images</folder>
	<filename>istockphoto-960582918-612x612.jpg</filename>
	<path>C:\Users\ravig\Downloads\images\istockphoto-960582918-612x612.jpg</path>
	<source>
		<database>Unknown</database>
	</source>
	<size>
		<width>612</width>
		<height>459</height>
		<depth>3</depth>
	</size>
	<segmented>0</segmented>
	<object>
		<name>injured_dog</name>
		<pose>Unspecified</pose>
		<truncated>1</truncated>
		<difficult>0</difficult>
		<bndbox>
			<xmin>2</xmin>
			<ymin>4</ymin>
			<xmax>570</xmax>
			<ymax>459</ymax>
		</bndbox>
	</object>
</annotation>
