<annotation>
	<folder>images</folder>
	<filename>istockphoto-144345696-612x612.jpg</filename>
	<path>C:\Users\ravig\Downloads\images\istockphoto-144345696-612x612.jpg</path>
	<source>
		<database>Unknown</database>
	</source>
	<size>
		<width>612</width>
		<height>407</height>
		<depth>3</depth>
	</size>
	<segmented>0</segmented>
	<object>
		<name>injured_dog</name>
		<pose>Unspecified</pose>
		<truncated>0</truncated>
		<difficult>0</difficult>
		<bndbox>
			<xmin>79</xmin>
			<ymin>52</ymin>
			<xmax>528</xmax>
			<ymax>402</ymax>
		</bndbox>
	</object>
</annotation>
