<annotation>
	<folder>images</folder>
	<filename>Ivy-scaled.jpg</filename>
	<path>C:\Users\ravig\Downloads\images\Ivy-scaled.jpg</path>
	<source>
		<database>Unknown</database>
	</source>
	<size>
		<width>2560</width>
		<height>1707</height>
		<depth>3</depth>
	</size>
	<segmented>0</segmented>
	<object>
		<name>injured_dog</name>
		<pose>Unspecified</pose>
		<truncated>0</truncated>
		<difficult>0</difficult>
		<bndbox>
			<xmin>496</xmin>
			<ymin>88</ymin>
			<xmax>2462</xmax>
			<ymax>1604</ymax>
		</bndbox>
	</object>
</annotation>
