<annotation>
	<folder>images</folder>
	<filename>kpkp8u-b78478554z120090306173415000geogrdru1lg.jpg</filename>
	<path>C:\Users\ravig\Downloads\images\kpkp8u-b78478554z120090306173415000geogrdru1lg.jpg</path>
	<source>
		<database>Unknown</database>
	</source>
	<size>
		<width>488</width>
		<height>367</height>
		<depth>3</depth>
	</size>
	<segmented>0</segmented>
	<object>
		<name>injured_dog</name>
		<pose>Unspecified</pose>
		<truncated>0</truncated>
		<difficult>0</difficult>
		<bndbox>
			<xmin>55</xmin>
			<ymin>3</ymin>
			<xmax>441</xmax>
			<ymax>363</ymax>
		</bndbox>
	</object>
</annotation>
