<annotation>
	<folder>images</folder>
	<filename>Little-Mama-2-1.x16852.jpeg</filename>
	<path>C:\Users\ravig\Downloads\images\Little-Mama-2-1.x16852.jpeg</path>
	<source>
		<database>Unknown</database>
	</source>
	<size>
		<width>640</width>
		<height>640</height>
		<depth>3</depth>
	</size>
	<segmented>0</segmented>
	<object>
		<name>healthy_dog</name>
		<pose>Unspecified</pose>
		<truncated>1</truncated>
		<difficult>0</difficult>
		<bndbox>
			<xmin>68</xmin>
			<ymin>1</ymin>
			<xmax>523</xmax>
			<ymax>638</ymax>
		</bndbox>
	</object>
</annotation>
