<annotation>
	<folder>images</folder>
	<filename>maxresdefault.jpg</filename>
	<path>C:\Users\ravig\Downloads\images\maxresdefault.jpg</path>
	<source>
		<database>Unknown</database>
	</source>
	<size>
		<width>1280</width>
		<height>720</height>
		<depth>3</depth>
	</size>
	<segmented>0</segmented>
	<object>
		<name>injured_dog</name>
		<pose>Unspecified</pose>
		<truncated>1</truncated>
		<difficult>0</difficult>
		<bndbox>
			<xmin>356</xmin>
			<ymin>16</ymin>
			<xmax>1280</xmax>
			<ymax>720</ymax>
		</bndbox>
	</object>
</annotation>
