<annotation>
	<folder>images</folder>
	<filename>maxresdefault (2).jpg</filename>
	<path>C:\Users\ravig\Downloads\images\maxresdefault (2).jpg</path>
	<source>
		<database>Unknown</database>
	</source>
	<size>
		<width>1280</width>
		<height>720</height>
		<depth>3</depth>
	</size>
	<segmented>0</segmented>
	<object>
		<name>injured_dog</name>
		<pose>Unspecified</pose>
		<truncated>0</truncated>
		<difficult>0</difficult>
		<bndbox>
			<xmin>366</xmin>
			<ymin>80</ymin>
			<xmax>1082</xmax>
			<ymax>615</ymax>
		</bndbox>
	</object>
</annotation>
