<annotation>
	<folder>images</folder>
	<filename>mumbai-straydog-wikicommons-2021-scaled.jpg</filename>
	<path>C:\Users\ravig\Downloads\images\mumbai-straydog-wikicommons-2021-scaled.jpg</path>
	<source>
		<database>Unknown</database>
	</source>
	<size>
		<width>1278</width>
		<height>924</height>
		<depth>3</depth>
	</size>
	<segmented>0</segmented>
	<object>
		<name>healthy_dog</name>
		<pose>Unspecified</pose>
		<truncated>0</truncated>
		<difficult>0</difficult>
		<bndbox>
			<xmin>406</xmin>
			<ymin>168</ymin>
			<xmax>1039</xmax>
			<ymax>757</ymax>
		</bndbox>
	</object>
</annotation>
