<annotation>
	<folder>images</folder>
	<filename>resize.jpg</filename>
	<path>C:\Users\ravig\Downloads\images\resize.jpg</path>
	<source>
		<database>Unknown</database>
	</source>
	<size>
		<width>510</width>
		<height>429</height>
		<depth>3</depth>
	</size>
	<segmented>0</segmented>
	<object>
		<name>injured_dog</name>
		<pose>Unspecified</pose>
		<truncated>1</truncated>
		<difficult>0</difficult>
		<bndbox>
			<xmin>11</xmin>
			<ymin>1</ymin>
			<xmax>491</xmax>
			<ymax>332</ymax>
		</bndbox>
	</object>
</annotation>
