<annotation>
	<folder>images</folder>
	<filename>resize (1).jpg</filename>
	<path>C:\Users\ravig\Downloads\images\resize (1).jpg</path>
	<source>
		<database>Unknown</database>
	</source>
	<size>
		<width>510</width>
		<height>429</height>
		<depth>3</depth>
	</size>
	<segmented>0</segmented>
	<object>
		<name>injured_dog</name>
		<pose>Unspecified</pose>
		<truncated>1</truncated>
		<difficult>0</difficult>
		<bndbox>
			<xmin>9</xmin>
			<ymin>1</ymin>
			<xmax>510</xmax>
			<ymax>329</ymax>
		</bndbox>
	</object>
</annotation>
