<annotation>
	<folder>images</folder>
	<filename>severly-1.jpeg</filename>
	<path>C:\Users\ravig\Downloads\images\severly-1.jpeg</path>
	<source>
		<database>Unknown</database>
	</source>
	<size>
		<width>2048</width>
		<height>1536</height>
		<depth>3</depth>
	</size>
	<segmented>0</segmented>
	<object>
		<name>injured_dog</name>
		<pose>Unspecified</pose>
		<truncated>0</truncated>
		<difficult>0</difficult>
		<bndbox>
			<xmin>162</xmin>
			<ymin>15</ymin>
			<xmax>1785</xmax>
			<ymax>1306</ymax>
		</bndbox>
	</object>
</annotation>
