<annotation>
	<folder>images</folder>
	<filename>shantiii.jpg</filename>
	<path>C:\Users\ravig\Downloads\images\shantiii.jpg</path>
	<source>
		<database>Unknown</database>
	</source>
	<size>
		<width>1600</width>
		<height>1000</height>
		<depth>3</depth>
	</size>
	<segmented>0</segmented>
	<object>
		<name>injured_dog</name>
		<pose>Unspecified</pose>
		<truncated>0</truncated>
		<difficult>0</difficult>
		<bndbox>
			<xmin>196</xmin>
			<ymin>106</ymin>
			<xmax>1479</xmax>
			<ymax>864</ymax>
		</bndbox>
	</object>
</annotation>
