<annotation>
	<folder>images</folder>
	<filename>stary-dog-india_62299f4fe4bd1.jpg</filename>
	<path>C:\Users\ravig\Downloads\images\stary-dog-india_62299f4fe4bd1.jpg</path>
	<source>
		<database>Unknown</database>
	</source>
	<size>
		<width>1200</width>
		<height>1200</height>
		<depth>3</depth>
	</size>
	<segmented>0</segmented>
	<object>
		<name>healthy_dog</name>
		<pose>Unspecified</pose>
		<truncated>0</truncated>
		<difficult>0</difficult>
		<bndbox>
			<xmin>213</xmin>
			<ymin>95</ymin>
			<xmax>965</xmax>
			<ymax>1188</ymax>
		</bndbox>
	</object>
</annotation>
