<annotation>
	<folder>images</folder>
	<filename>street-dog-c.jpg</filename>
	<path>C:\Users\ravig\Downloads\images\street-dog-c.jpg</path>
	<source>
		<database>Unknown</database>
	</source>
	<size>
		<width>1248</width>
		<height>650</height>
		<depth>3</depth>
	</size>
	<segmented>0</segmented>
	<object>
		<name>healthy_dog</name>
		<pose>Unspecified</pose>
		<truncated>0</truncated>
		<difficult>0</difficult>
		<bndbox>
			<xmin>344</xmin>
			<ymin>51</ymin>
			<xmax>880</xmax>
			<ymax>640</ymax>
		</bndbox>
	</object>
</annotation>
