<annotation>
	<folder>images</folder>
	<filename>street-dog-uganda1.jpg</filename>
	<path>C:\Users\ravig\Downloads\images\street-dog-uganda1.jpg</path>
	<source>
		<database>Unknown</database>
	</source>
	<size>
		<width>800</width>
		<height>800</height>
		<depth>3</depth>
	</size>
	<segmented>0</segmented>
	<object>
		<name>healthy_dog</name>
		<pose>Unspecified</pose>
		<truncated>1</truncated>
		<difficult>0</difficult>
		<bndbox>
			<xmin>62</xmin>
			<ymin>83</ymin>
			<xmax>791</xmax>
			<ymax>800</ymax>
		</bndbox>
	</object>
</annotation>
