<annotation>
	<folder>images</folder>
	<filename>userPhoto-1144512425.jpg</filename>
	<path>C:\Users\ravig\Downloads\images\userPhoto-1144512425.jpg</path>
	<source>
		<database>Unknown</database>
	</source>
	<size>
		<width>150</width>
		<height>150</height>
		<depth>3</depth>
	</size>
	<segmented>0</segmented>
	<object>
		<name>healthy_dog</name>
		<pose>Unspecified</pose>
		<truncated>1</truncated>
		<difficult>0</difficult>
		<bndbox>
			<xmin>34</xmin>
			<ymin>10</ymin>
			<xmax>142</xmax>
			<ymax>150</ymax>
		</bndbox>
	</object>
</annotation>
